node_id,sample_time,received_time,origin,valid,channel,value,unit
A,2026-09-26T17:28:52.454890+00:00,2026-09-26T18:28:52+00:00,simulated,1,tilt_deg,0.4,deg
A,2026-09-26T17:28:52.454890+00:00,2026-09-26T18:28:52+00:00,simulated,1,vibration,0.2,relative
A,2026-09-26T17:28:52.454890+00:00,2026-09-26T18:28:52+00:00,simulated,1,potentiometer_raw,410,count
A,2026-09-26T17:38:52.454890+00:00,2026-09-26T18:28:52+00:00,simulated,1,tilt_deg,0.5,deg
A,2026-09-26T17:38:52.454890+00:00,2026-09-26T18:28:52+00:00,simulated,1,vibration,0.2,relative
A,2026-09-26T17:38:52.454890+00:00,2026-09-26T18:28:52+00:00,simulated,1,potentiometer_raw,411,count
A,2026-09-26T17:48:52.454890+00:00,2026-09-26T18:28:52+00:00,simulated,1,tilt_deg,0.45,deg
A,2026-09-26T17:48:52.454890+00:00,2026-09-26T18:28:52+00:00,simulated,1,vibration,0.2,relative
A,2026-09-26T17:48:52.454890+00:00,2026-09-26T18:28:52+00:00,simulated,1,potentiometer_raw,412,count
A,2026-09-26T17:58:52.454890+00:00,2026-09-26T18:28:52+00:00,simulated,1,tilt_deg,0.5,deg
A,2026-09-26T17:58:52.454890+00:00,2026-09-26T18:28:52+00:00,simulated,1,vibration,0.2,relative
A,2026-09-26T17:58:52.454890+00:00,2026-09-26T18:28:52+00:00,simulated,1,potentiometer_raw,413,count
A,2026-09-26T18:08:52.454890+00:00,2026-09-26T18:28:52+00:00,simulated,1,tilt_deg,0.48,deg
A,2026-09-26T18:08:52.454890+00:00,2026-09-26T18:28:52+00:00,simulated,1,vibration,0.2,relative
A,2026-09-26T18:08:52.454890+00:00,2026-09-26T18:28:52+00:00,simulated,1,potentiometer_raw,414,count
A,2026-09-26T18:18:52.454890+00:00,2026-09-26T18:28:52+00:00,simulated,1,tilt_deg,0.5,deg
A,2026-09-26T18:18:52.454890+00:00,2026-09-26T18:28:52+00:00,simulated,1,vibration,0.2,relative
A,2026-09-26T18:18:52.454890+00:00,2026-09-26T18:28:52+00:00,simulated,1,potentiometer_raw,415,count
B,2026-09-26T17:28:52.454890+00:00,2026-09-26T18:28:52+00:00,simulated,1,tilt_deg,0.6,deg
B,2026-09-26T17:28:52.454890+00:00,2026-09-26T18:28:52+00:00,simulated,1,vibration,0.4,relative
B,2026-09-26T17:38:52.454890+00:00,2026-09-26T18:28:52+00:00,simulated,1,tilt_deg,0.9,deg
B,2026-09-26T17:38:52.454890+00:00,2026-09-26T18:28:52+00:00,simulated,1,vibration,0.4,relative
B,2026-09-26T17:48:52.454890+00:00,2026-09-26T18:28:52+00:00,simulated,1,tilt_deg,1.4,deg
B,2026-09-26T17:48:52.454890+00:00,2026-09-26T18:28:52+00:00,simulated,1,vibration,0.4,relative
B,2026-09-26T17:58:52.454890+00:00,2026-09-26T18:28:52+00:00,simulated,1,tilt_deg,2.1,deg
B,2026-09-26T17:58:52.454890+00:00,2026-09-26T18:28:52+00:00,simulated,1,vibration,0.4,relative
B,2026-09-26T18:08:52.454890+00:00,2026-09-26T18:28:52+00:00,simulated,1,tilt_deg,2.8,deg
B,2026-09-26T18:08:52.454890+00:00,2026-09-26T18:28:52+00:00,simulated,1,vibration,0.4,relative
B,2026-09-26T18:18:52.454890+00:00,2026-09-26T18:28:52+00:00,simulated,1,tilt_deg,3.4,deg
B,2026-09-26T18:18:52.454890+00:00,2026-09-26T18:28:52+00:00,simulated,1,vibration,0.4,relative
C,2026-09-26T17:28:52.454890+00:00,2026-09-26T18:28:52+00:00,simulated,1,tilt_deg,0.3,deg
C,2026-09-26T17:28:52.454890+00:00,2026-09-26T18:28:52+00:00,simulated,1,vibration,0.2,relative
C,2026-09-26T17:28:52.454890+00:00,2026-09-26T18:28:52+00:00,simulated,1,gas_raw,240,raw
C,2026-09-26T17:38:52.454890+00:00,2026-09-26T18:28:52+00:00,simulated,1,tilt_deg,0.3,deg
C,2026-09-26T17:38:52.454890+00:00,2026-09-26T18:28:52+00:00,simulated,1,vibration,0.2,relative
C,2026-09-26T17:38:52.454890+00:00,2026-09-26T18:28:52+00:00,simulated,1,gas_raw,240,raw
C,2026-09-26T17:48:52.454890+00:00,2026-09-26T18:28:52+00:00,simulated,1,tilt_deg,0.35,deg
C,2026-09-26T17:48:52.454890+00:00,2026-09-26T18:28:52+00:00,simulated,1,vibration,0.2,relative
C,2026-09-26T17:48:52.454890+00:00,2026-09-26T18:28:52+00:00,simulated,1,gas_raw,240,raw
C,2026-09-26T17:58:52.454890+00:00,2026-09-26T18:28:52+00:00,simulated,1,tilt_deg,0.32,deg
C,2026-09-26T17:58:52.454890+00:00,2026-09-26T18:28:52+00:00,simulated,1,vibration,0.2,relative
C,2026-09-26T17:58:52.454890+00:00,2026-09-26T18:28:52+00:00,simulated,1,gas_raw,240,raw
C,2026-09-26T18:08:52.454890+00:00,2026-09-26T18:28:52+00:00,simulated,1,tilt_deg,0.3,deg
C,2026-09-26T18:08:52.454890+00:00,2026-09-26T18:28:52+00:00,simulated,1,vibration,0.2,relative
C,2026-09-26T18:08:52.454890+00:00,2026-09-26T18:28:52+00:00,simulated,1,gas_raw,240,raw
C,2026-09-26T18:18:52.454890+00:00,2026-09-26T18:28:52+00:00,simulated,1,tilt_deg,0.31,deg
C,2026-09-26T18:18:52.454890+00:00,2026-09-26T18:28:52+00:00,simulated,1,vibration,0.2,relative
C,2026-09-26T18:18:52.454890+00:00,2026-09-26T18:28:52+00:00,simulated,1,gas_raw,240,raw
D,2026-09-26T17:28:52.454890+00:00,2026-09-26T18:28:52+00:00,simulated,1,tilt_deg,0.2,deg
D,2026-09-26T17:28:52.454890+00:00,2026-09-26T18:28:52+00:00,simulated,1,vibration,0.2,relative
D,2026-09-26T17:28:52.454890+00:00,2026-09-26T18:28:52+00:00,simulated,1,temperature_c,27.4,C
D,2026-09-26T17:28:52.454890+00:00,2026-09-26T18:28:52+00:00,simulated,1,humidity_pct,61,%RH
D,2026-09-26T17:28:52.454890+00:00,2026-09-26T18:28:52+00:00,simulated,1,pressure_hpa,1008,hPa
D,2026-09-26T17:38:52.454890+00:00,2026-09-26T18:28:52+00:00,simulated,1,tilt_deg,0.25,deg
D,2026-09-26T17:38:52.454890+00:00,2026-09-26T18:28:52+00:00,simulated,1,vibration,0.2,relative
D,2026-09-26T17:38:52.454890+00:00,2026-09-26T18:28:52+00:00,simulated,1,temperature_c,27.4,C
D,2026-09-26T17:38:52.454890+00:00,2026-09-26T18:28:52+00:00,simulated,1,humidity_pct,61,%RH
D,2026-09-26T17:38:52.454890+00:00,2026-09-26T18:28:52+00:00,simulated,1,pressure_hpa,1008,hPa
D,2026-09-26T17:48:52.454890+00:00,2026-09-26T18:28:52+00:00,simulated,1,tilt_deg,0.22,deg
D,2026-09-26T17:48:52.454890+00:00,2026-09-26T18:28:52+00:00,simulated,1,vibration,0.2,relative
D,2026-09-26T17:48:52.454890+00:00,2026-09-26T18:28:52+00:00,simulated,1,temperature_c,27.4,C
D,2026-09-26T17:48:52.454890+00:00,2026-09-26T18:28:52+00:00,simulated,1,humidity_pct,61,%RH
D,2026-09-26T17:48:52.454890+00:00,2026-09-26T18:28:52+00:00,simulated,1,pressure_hpa,1008,hPa
D,2026-09-26T17:58:52.454890+00:00,2026-09-26T18:28:52+00:00,simulated,1,tilt_deg,0.24,deg
D,2026-09-26T17:58:52.454890+00:00,2026-09-26T18:28:52+00:00,simulated,1,vibration,0.2,relative
D,2026-09-26T17:58:52.454890+00:00,2026-09-26T18:28:52+00:00,simulated,1,temperature_c,27.4,C
D,2026-09-26T17:58:52.454890+00:00,2026-09-26T18:28:52+00:00,simulated,1,humidity_pct,61,%RH
D,2026-09-26T17:58:52.454890+00:00,2026-09-26T18:28:52+00:00,simulated,1,pressure_hpa,1008,hPa
D,2026-09-26T18:08:52.454890+00:00,2026-09-26T18:28:52+00:00,simulated,1,tilt_deg,0.23,deg
D,2026-09-26T18:08:52.454890+00:00,2026-09-26T18:28:52+00:00,simulated,1,vibration,0.2,relative
D,2026-09-26T18:08:52.454890+00:00,2026-09-26T18:28:52+00:00,simulated,1,temperature_c,27.4,C
D,2026-09-26T18:08:52.454890+00:00,2026-09-26T18:28:52+00:00,simulated,1,humidity_pct,61,%RH
D,2026-09-26T18:08:52.454890+00:00,2026-09-26T18:28:52+00:00,simulated,1,pressure_hpa,1008,hPa
D,2026-09-26T18:18:52.454890+00:00,2026-09-26T18:28:52+00:00,simulated,1,tilt_deg,0.22,deg
D,2026-09-26T18:18:52.454890+00:00,2026-09-26T18:28:52+00:00,simulated,1,vibration,0.2,relative
D,2026-09-26T18:18:52.454890+00:00,2026-09-26T18:28:52+00:00,simulated,1,temperature_c,27.4,C
D,2026-09-26T18:18:52.454890+00:00,2026-09-26T18:28:52+00:00,simulated,1,humidity_pct,61,%RH
D,2026-09-26T18:18:52.454890+00:00,2026-09-26T18:28:52+00:00,simulated,1,pressure_hpa,1008,hPa
